z1,z2,x,delt_eps
-0.626453811,-1.557035744,0.087538696,1
0.183643324,1.923163653,0.348563901,1
-0.835628612,-1.856829628,0.015215482,2
1.595280802,-2.106118436,1.135612506,0
0.329507772,0.697648527,0.04318101,1
-0.820468384,0.907444408,0.920152404,0
0.487429052,-0.195988199,0.392773747,2
0.738324705,-0.206820488,0.504608802,0
0.575781352,0.72504317,0.095269269,0
-0.305388387,1.398718955,0.718511722,2
1.511781168,-1.590555149,1.853353009,0
0.389843236,1.304497077,0.647864715,1
-0.621240581,0.196011734,0.292214282,2
-2.214699887,-0.339343445,0.204051841,0
1.124930918,1.26514414,0.10257512,1
-0.044933609,0.939773685,1.228639843,0
-0.016190263,1.277952486,0.027351031,2
0.943836211,-0.291160144,1.742048519,0
0.821221195,0.77617245,1.105032537,1
0.593901321,0.295725633,1.200613411,1
0.918977372,-0.517199555,0.297525674,1
0.782136301,1.757233024,0.232404193,0
0.074564983,0.161726819,0.893903847,2
-1.989351696,-0.054684376,0.187790437,2
0.619825748,0.528971601,0.683943338,2
-0.05612874,0.389734521,0.172683711,0
-0.155795507,-0.705771415,0.414756534,2
-1.470752384,-0.053178475,0.38823072,2
-0.478150055,2.606444489,0.305550073,2
0.41794156,-0.072593105,0.624509621,0
1.358679552,-0.296271891,0.683428879,0
-0.102787727,0.734330336,0.538280211,1
0.387671612,0.401480746,0.092068565,0
-0.053805041,-0.538301076,0.034365761,2
-1.377059557,-1.082722811,0.342992704,0
-0.414994563,0.847801408,0.887410528,0
-0.394289954,0.118845015,1.590726541,2
-0.059313397,0.482247223,0.600627076,1
1.100025372,-0.291324805,1.436462257,1
0.763175748,-1.652110271,0.304429096,1
-0.164523596,0.069094598,0.00800611,2
-0.25336168,2.3905767,0.192518142,2
0.696963375,-1.461771686,0.919680005,0
0.556663199,-0.984806293,0.67244809,2
-0.688755695,-1.336053745,0.239658527,2
-0.707495157,-0.365131612,0.066829813,0
0.364581962,1.381454248,0.761012841,1
0.768532925,-0.153317256,0.49576466,1
-0.112346212,-0.255571634,0.077122866,2
0.881107726,-1.288627104,0.615095312,2
0.39810588,0.065266417,1.036569206,0
-0.612026393,1.035326421,0.442751291,0
0.341119691,2.260215792,0.322288413,1
-1.129363096,1.314696275,0.744541363,0
1.433023702,-0.870023346,0.075887704,0
1.980399899,-0.503130035,0.166757206,0
-0.367221476,0.607455555,0.245859133,1
-1.044134626,-0.010041416,0.124004807,0
0.569719627,0.2753303,0.331231022,1
-0.135054604,-1.312298783,2.230022717,0
2.401617761,-0.426529867,0.207367894,1
-0.039240003,-0.926404248,1.24986677,0
0.689739362,-0.928557925,0.370741543,2
0.028002159,-0.718900602,0.693648183,0
-0.743273209,-0.41479057,1.282988377,1
0.1887923,-0.005667893,1.345700983,2
-1.804958629,0.633448919,0.04595767,2
1.465554862,-0.509180774,2.0251739,0
0.153253338,-0.857008619,1.250090085,1
2.17261167,1.616167577,0.096094668,1
0.475509529,0.993866407,0.060633947,1
-0.709946431,0.696845859,0.367079975,1
0.610726353,1.699970673,0.603253074,0
-0.934097632,-0.977741945,0.3195634,2
-1.2536334,2.048817582,0.202277848,1
0.291446236,1.226449324,0.139855266,1
-0.443291873,0.307023012,0.537457622,2
0.001105352,0.624332984,0.262684146,1
0.074341324,0.061341442,0.987359148,0
-0.589520946,-0.110825791,0.203238227,2
-0.568668733,-1.57623356,0.246431807,2
-0.135178615,0.742589846,0.376916183,1
1.178086997,2.142323398,0.070346243,1
-1.5235668,2.089772957,0.000109886,1
0.593946188,0.169794327,0.512450193,2
0.332950371,-0.107877789,0.159069115,1
1.063099837,0.181994495,2.109080443,1
-0.304183924,1.145928178,0.502043706,2
0.37001881,1.477298823,0.743929915,1
0.267098791,0.407944153,0.291643552,0
-0.542520031,1.114278735,0.239160435,1
1.207867806,-0.027075844,1.65614206,0
1.160402616,0.497722203,0.574116568,2
0.70021365,1.185640014,0.232824102,1
1.586833455,3.639573627,0.012418116,1
0.558486426,-0.054002596,2.507879752,0
-1.276592208,-0.668147317,0.088815635,2
-0.573265414,0.445807957,0.532203705,2
-1.224612615,-0.405825246,0.429254119,0
-0.473400636,0.635283145,0.856593433,2
-0.620366677,0.341248399,1.679032538,1
0.042115873,1.316167163,2.698854047,1
-0.910921649,-0.959776484,0.827084077,0
0.158028772,-1.205575211,1.642345278,0
-0.654584644,1.567573058,0.20892883,1
1.767287269,0.2252858,0.015290951,1
0.716707476,-0.922410657,1.509587734,1
0.910174229,-1.07377241,0.130929889,1
0.384185358,-0.552358286,2.291531124,2
1.682176081,0.590461401,0.349172149,1
-0.635736454,-0.527275411,0.324051919,2
-0.46164473,1.341846164,0.11579803,2
1.432282239,0.243844628,0.200572195,1
-0.650696353,0.195880789,0.910788304,0
-0.207380744,-0.015519729,0.977723852,1
-0.392807929,-0.297577328,0.540464675,0
-0.319992869,-0.167679147,0.450970593,2
-0.279113303,1.15647858,2.551058649,0
0.494188331,-1.338764009,0.36859809,1
-0.177330482,1.086768775,0.034343043,1
-0.505957462,-0.350684197,0.161084189,2
1.343038825,0.734723245,1.189391015,0
-0.214579409,-0.058414484,0.134468862,1
-0.17955653,-1.345812904,2.375772785,0
-0.100190741,0.346905269,0.035524156,0
0.712666307,-0.638404647,0.15008117,0
-0.073564404,1.124392355,0.162760897,1
-0.037634171,-0.827733031,2.07432176,2
-0.681660479,-1.787780138,1.694880503,0
-0.324270272,-0.854010003,1.884524585,0
0.06016044,-0.572022722,2.515034266,0
-0.588894486,-0.825930679,1.233980796,2
0.531496193,-0.237584094,1.899349163,0
-1.518394082,-0.595326496,0.139782652,1
0.306557861,-0.410742195,0.571063947,1
-1.536449824,0.327991438,1.633184045,1
-0.300976127,-1.163646612,2.716063666,0
-0.528279904,0.760177665,1.063761232,2
-0.652094781,-0.002555836,0.719172487,2
-0.056896778,-0.038227771,0.344778066,2
-1.914359426,-2.03623742,0.265832514,2
1.176583312,-0.301229079,1.971108474,1
-1.664972436,-0.555646104,0.136025629,2
-0.463530401,0.847295416,0.059817666,2
-1.115920105,1.390820511,0.081618928,0
-0.750819001,1.231246215,0.536218976,1
2.087166546,-1.113337462,0.326736096,2
0.01739562,-0.796053893,2.694555904,0
-1.28630053,-0.089519877,0.209022637,1
-1.640605534,-1.059656888,0.311092844,2
0.450187101,-1.604312194,1.915787329,2
-0.018559833,0.791350666,0.19029702,2
-0.318068375,0.068156528,0.54991464,1
-0.929362147,0.614396,0.525151262,1
-1.48746031,-1.203067753,0.263799908,1
-1.075192297,-0.340454835,0.883542467,0
1.000028804,-1.171248634,0.044574428,0
-0.621266695,-0.829414768,0.612352595,0
-1.384426847,0.229212042,0.062452514,2
1.869290622,-0.814992918,1.142825631,0
0.425100377,-0.993445515,0.205426971,0
-0.238647101,-1.306168459,0.176194281,2
1.058483049,-1.434221772,1.291274568,2
0.886422651,-0.862847933,1.43870143,0
-0.619243048,1.703799204,0.386375491,1
2.206102465,-0.655632596,1.085538449,2
-0.25502703,-1.113168626,1.198544831,0
-1.42449465,-1.405505446,1.301482606,2
-0.144399602,-0.150643687,0.425853667,2
0.207538339,-0.394006912,0.805193291,2
2.307978399,0.25206932,0.281425224,1
0.105802368,-0.282706438,0.338665918,1
0.456998805,0.867667613,1.141111857,1
-0.077152935,0.720091121,0.48217886,2
-0.334000842,1.056069601,0.029031454,1
-0.034726028,0.24350206,1.052101696,0
0.787639606,1.114362662,0.205884019,1
2.075245009,-0.076552714,0.150445934,0
1.027392439,0.932925054,0.856677145,1
1.207908398,-0.157981739,0.010860899,2
-1.231323422,-0.681509515,0.245628951,2
0.98389557,-1.220101091,0.483851426,1
0.219924804,-0.708912992,0.153935254,1
-1.467250029,-0.748679598,0.863903484,2
0.521022743,0.576077526,0.523459092,0
-0.158754605,-0.052099464,0.327254661,1
1.464587312,-0.630337174,0.61493109,0
-0.766082,-0.898336066,1.028076583,0
-0.430211754,1.512685876,0.076552608,1
-0.926109497,-0.236749293,0.237201912,2
-0.177103961,-1.248803422,2.070934288,0
0.402011779,-0.430009336,1.020182021,0
-0.731748173,0.093299436,0.766011674,1
0.830373168,0.833041089,0.338534953,2
-1.208082786,-0.084932478,1.304579174,0
-1.047984413,0.111853039,1.438696556,1
1.441157707,-1.039435943,0.15897135,0
-1.015847465,0.796422814,0.879116951,1
0.411974712,0.099903376,2.015968727,1
-0.381076051,0.736959753,0.350390753,2
0.40940184,1.546881334,0.067189708,0
1.688873286,0.178920972,0.470741406,1
1.586588433,-0.282546592,0.558293184,1
-0.330907801,-0.767298779,0.09006947,1
-2.285235535,-0.57640424,0.092349967,2
2.49766159,-0.91485584,0.434577458,1
0.667066167,0.369910961,0.127367646,0
0.541327336,-1.467684363,0.645677679,1
-0.013399523,-1.745361978,0.004365417,2
0.510108423,-0.667381804,0.085406186,0
-0.164375832,1.084279006,1.846225644,1
0.420694643,0.122831641,0.101032778,0
-0.400246744,-0.494249395,0.367392782,0
-1.370207878,0.669588184,0.169815743,2
0.987838267,-0.351478853,1.359798799,2
1.519745025,-0.114980401,0.389241969,1
-0.308740569,0.072986942,0.335042112,0
-1.253289756,1.088774613,0.275767921,1
0.642241306,1.292568738,1.285713602,1
-0.044709137,1.282511294,0.446675796,1
-1.733218407,0.979056118,0.103142306,2
0.00213186,0.329469783,1.993111388,0
-0.630300334,1.879635718,1.055173042,1
-0.34096858,2.042899031,0.248471417,0
-1.156572363,1.328576373,1.909775277,1
1.803141908,-0.219668644,1.264738206,0
-0.331132036,-1.040047432,1.768287375,2
-1.605513412,0.192949783,0.247526583,2
0.197193439,-0.555236252,0.048945338,0
0.263175646,0.27499089,0.245164651,2
-0.9858267,-0.550513405,0.426760806,0
-2.888920672,0.921259893,0.039231425,2
-0.640481703,2.189455992,0.702963486,0
0.570507636,0.96399479,0.022801538,0
-0.059723276,0.741818476,0.177022713,2
-0.098178744,0.037356565,0.364644086,0
0.560820729,2.180833686,0.655986912,1
-1.186458639,-0.079585204,0.048699273,2
1.096777044,1.376295029,1.541306544,1
-0.005344028,1.575316677,0.604400477,2
0.707310667,0.160376978,0.342910157,1
1.034107735,-3.253220073,0.878091833,0
0.223480415,-0.329930487,0.933484486,0
-0.878707613,0.457089826,0.051910416,2
1.162964556,-1.304103757,0.15959449,1
-2.000164945,-1.291173439,0.250464126,2
-0.54479074,0.906379732,1.224656737,1
-0.255670709,-2.795961495,2.185399918,0
-0.166121037,0.233560571,1.280238743,1
1.020463909,-0.269035939,1.564629152,0
0.136221893,-0.658545055,1.699014537,2
0.407167603,0.063345793,0.334796196,1
-0.069654813,0.054476839,0.179823559,0
-0.247664342,0.247009323,0.550233276,2
0.695550807,0.124035548,0.613685863,2
1.146228357,-0.5352567,0.769354288,0
-2.403096215,0.258482591,0.233635239,1
0.572739555,1.387708868,0.400914922,1
0.374724407,0.667170446,0.762067154,2
-0.425267722,1.497049452,0.015080672,1
0.951012808,-0.274880403,0.773503265,1
-0.389237182,0.583075843,0.361848716,1
-0.284330662,0.503358526,0.151393186,2
0.857409778,-0.743247682,0.149130421,1
1.719627299,-0.816877585,0.630398504,0
0.270054901,1.870283681,0.487736013,1
-0.42218401,-0.827253044,0.573040486,2
-1.189113295,0.950712694,0.132051073,1
-0.331032979,-0.266172351,0.271618589,0
-0.939829327,-1.099082182,0.70953908,0
-0.258932583,-1.534217543,0.596834401,0
0.394379168,-1.20630986,0.539540191,1
-0.851857092,-1.950025273,0.386766455,2
2.649166881,-0.88404003,1.034840371,1
0.156011676,0.973405985,0.458931109,1
1.130207267,-0.580971316,1.141622574,2
-2.28912398,1.736767382,0.02017966,1
0.741001157,-0.172675318,0.077236493,1
-1.31624516,-0.937992532,0.125101407,0
0.919803678,-0.28459366,0.49529996,1
0.398130155,-0.589018102,0.658829117,2
-0.407528579,-0.443931426,2.257556549,0
1.32425863,0.059996573,1.110674241,1
-0.701231669,0.082232949,0.218675104,2
-0.580614304,0.758397524,0.00228899,0
-1.001072181,0.539662991,0.180503203,1
-0.668178607,0.776647647,0.636266504,2
0.945184953,0.132171665,0.145258223,1
0.43370215,-0.8068653,2.576601057,1
1.005159218,0.449350086,0.929502132,0
-0.390118664,0.412641457,0.13268709,2
0.376370292,-0.403614049,0.213860773,1
0.244164924,-0.388088277,0.334446167,2
-1.426257342,1.095187748,0.029098281,1
1.778429287,1.340480043,0.547020192,1
0.134447661,0.114405547,0.755441661,2
0.765598999,-0.39226462,0.477962315,1
0.955136677,1.652357843,0.611802296,1
-0.050565701,-1.243697609,0.007890889,0
-0.30581542,-0.911925871,2.695302231,2
0.893673702,0.850043472,0.763733285,1
-1.047298149,-0.925312995,0.32411305,2
1.971337386,0.893581214,0.878117787,1
-0.383632106,-0.941009738,0.949150169,0
1.654145302,0.538952094,0.171486957,1
1.512212694,-0.181974398,0.451253012,0
0.082965734,0.891767595,2.214937439,0
0.567220915,1.329208205,0.157466246,1
-1.02454848,-0.103466125,1.020380747,2
0.323006503,0.615064611,0.323781585,1
1.043612458,-1.799772395,2.06688446,0
0.099078487,-0.262705142,1.958107754,2
-0.454136909,-1.210141877,0.887950076,2
-0.655781852,0.204477253,0.061675252,2
-0.035922423,-0.013994105,0.030862197,2
1.069161461,-0.23520084,0.252599817,0
-0.48397493,-0.188318654,0.309578615,1
-0.121010111,0.951283069,0.250087433,1
-1.294140004,-0.154014786,0.485729247,2
0.494312836,1.854244505,0.096521027,1
1.30790152,-1.904167354,2.15179282,0
1.497041009,0.359299702,0.715576537,1
0.814702731,2.114534946,0.684314911,1
-1.86978879,-1.135748987,0.474002278,2
0.482029504,-0.796255986,0.295821733,0
0.456135603,-0.39756945,0.17096011,1
-0.353400286,0.091724042,0.832917728,0
0.170489471,-0.238694074,1.956167499,0
-0.864035954,-0.461962364,0.012654407,0
0.679230774,1.926340607,0.363674466,1
-0.327101015,0.122054815,0.736158025,2
-1.569082185,1.092050577,0.91346805,1
-0.367450756,-2.972257475,0.791861633,1
1.364434929,1.128489051,0.225812648,1
-0.334281365,1.312000129,0.795917312,0
0.732750042,-0.482607973,0.888515423,0
0.94658564,-0.224858997,1.419859723,0
0.004398704,1.667765311,0.458751836,1
-0.352322306,0.041218532,0.375505917,2
-0.529695509,1.038174846,0.55845144,2
0.739589226,0.587642933,1.844276125,2
-1.063457415,-0.158299577,0.734971321,2
0.246210844,-0.292085415,0.597839981,1
-0.289499367,-1.419898963,1.823337723,0
-2.264889356,-2.138318025,0.370079265,0
-1.408850456,-0.022500105,0.773982279,0
0.916019329,0.269770954,0.458180372,0
-0.191278951,-0.502969399,2.588670131,0
0.803283216,0.63080739,0.810964977,1
1.887474463,0.474565208,0.686329112,0
1.473881181,-0.340659062,0.454265569,0
0.677268492,0.04960156,1.361099463,2
0.379962687,1.295263191,1.109832858,1
-0.192798426,0.314624205,0.789880288,1
1.577891795,0.801572504,1.606224495,2
0.596234109,0.486058896,0.661939096,0
-1.173576941,1.725561057,0.021198316,2
-0.155642535,0.102432861,0.131036311,2
-1.91890982,-0.989837075,0.530460783,2
-0.195258846,-0.460441209,0.971819246,2
-2.59232767,0.237661492,0.097285853,2
1.314002167,-0.269397264,0.498391582,1
-0.635543001,-0.16955407,0.605431964,2
-0.429978839,0.664868973,1.135196136,1
-0.169318332,-0.775550915,1.965142328,0
0.612218174,-1.919261131,0.036310101,1
0.678340177,2.01933254,0.21097251,0
0.567951972,0.435210515,0.710942464,2
-0.572542604,1.050168832,0.037451146,2
-1.363291256,-0.312114841,0.629902851,0
-0.388722244,0.093617617,0.196739743,1
0.277914132,-2.153187751,2.760836653,0
-0.823081122,0.357993071,0.642288972,0
-0.068840934,0.467864811,1.830102478,0
-1.167662326,-0.906688835,0.333581651,2
-0.008309014,-0.529349916,0.108451258,2
0.128855402,1.343576717,2.176380335,1
-0.145875628,0.469434057,1.65941985,1
-0.163910957,-0.253105088,2.026817996,2
1.763552003,0.369103715,0.56512172,0
0.762586512,-1.34670719,2.038809115,0
1.111431081,1.171935426,1.054889794,0
-0.923206953,-1.908736345,0.880023597,2
0.164341838,-1.004390811,1.135254678,0
1.154825187,0.676687514,0.080615019,0
-0.056521425,1.152321744,0.395481774,1
-2.129360648,-1.732759918,1.075443341,2
0.344845762,0.601308857,0.902257295,0
-1.904955446,0.341650314,0.493831676,2
-0.811170153,-0.035281009,0.113198751,2
1.324004321,-0.62616502,0.284003109,1
0.615636849,-0.85597121,0.958009953,2
1.091668956,0.151777842,0.365372052,1
0.306604862,1.206372694,0.08575675,0
-0.110158762,-1.488577883,1.628708421,0
-0.924312773,-1.050374123,0.248826788,2
1.592913754,1.637874117,0.667001307,1
0.045010598,-1.207334181,2.037809347,0
-0.715128401,-2.626155085,0.82563936,2
0.8652231,0.017463266,0.814478568,1
1.074440958,0.344194027,1.388325386,1
1.895654774,0.012719837,0.214751922,0
-0.602997304,-0.873450133,0.703635877,2
-0.390867821,0.342800284,1.658696892,0
-0.416222032,-0.177387754,2.753202537,0
-0.375657423,0.921433255,0.372891692,1
-0.366630946,0.300944402,0.457850107,0
-0.295677453,0.693386753,0.139685347,1
1.44182041,0.325471906,0.884451911,1
-0.697538292,0.408051023,0.622734706,0
-0.388167506,0.759842256,0.400688479,2
0.652536452,-2.28715352,1.791264748,1
1.124772447,0.517838262,1.465467104,1
-0.772110803,-1.347236258,0.765095041,0
-0.508086216,0.363159859,0.004829064,2
0.52362059,1.314752565,1.103037921,0
1.017754227,-0.448305911,0.485442237,1
-0.251164588,-0.808164468,1.786510585,0
-1.429993447,-0.086268499,1.474949259,2
1.709121032,1.585424273,0.237723233,1
1.435069572,0.101057448,0.555672149,1
-0.710371146,0.148762212,1.488165828,0
-0.065067574,-0.546434668,0.355426902,0
-1.759468735,-0.527675587,0.227847505,0
0.569722972,-0.139871559,3.167614213,0
1.612346798,-1.589411414,1.381917352,2
-1.637280647,1.234104166,0.083041088,2
-0.779568513,-0.335454848,1.870761993,1
-0.641176934,-2.001002507,1.890405065,0
-0.681131394,-0.017458403,0.782257119,2
-2.033285596,-0.240966896,0.640092279,2
0.500963559,-1.791989399,0.718524246,0
-1.53179814,2.049691511,0.160702238,2
-0.024997639,-1.117217612,0.86015937,0
0.592984721,-1.353549545,0.561031114,2
-0.198195421,0.451302311,0.65161091,0
0.892008392,1.033227425,0.347269499,1
-0.025715071,-0.195885695,0.027099234,2
-0.647660451,0.227310387,0.177505187,2
0.646359415,-1.10219975,2.127956221,0
-0.43383274,0.955277369,0.094307023,1
1.772611185,0.312830446,0.409510295,1
-0.018259711,0.101005713,0.044835163,1
0.852814994,0.748115414,0.79991834,0
0.205162903,0.998960895,0.042553461,1
-3.008048599,-0.732515309,0.096384222,2
-1.366111931,0.48089524,0.366871771,1
-0.42410226,-0.989450308,0.562843929,2
0.236803664,2.229559048,0.229539688,2
-2.34272312,0.4567366,0.452237253,2
0.961696633,-0.035815444,0.343682701,2
-0.604425734,-0.490442706,0.325962732,0
-0.752877279,-0.220566611,0.561772959,1
-1.555611593,-1.101209361,0.419235671,0
-1.453893738,0.063470471,0.02151929,2
0.056331836,0.583525933,0.641412624,2
0.509369407,-0.513358846,0.732022411,2
-2.09788296,-0.812552122,0.022484634,1
-1.004361979,-1.629319906,1.788409608,0
0.535771722,0.568905707,1.045062033,1
-0.453037085,0.333783307,1.362745227,1
2.165368502,-0.211322559,2.081726151,0
1.245746673,-0.55109793,1.181216644,1
0.595498034,0.258361129,1.971365158,1
0.00488445,-1.375210446,0.391836063,1
0.279360782,-1.472754149,0.163559593,2
-0.705906125,-1.445209673,0.165001219,0
0.628017153,-0.361288425,0.388126798,0
1.48021396,0.790709965,0.061701452,1
1.08342991,0.714657846,0.814496497,2
-0.813244257,-0.565153517,0.481753701,1
-1.618876849,1.418014303,0.396546664,2
-0.109655699,-1.145756781,1.360541081,2
0.440889371,-0.492817823,0.910818399,2
1.35099398,-0.733052274,0.919994297,2
-1.318609485,0.15923208,0.291444946,2
0.364384593,-1.751192959,2.677329564,0
0.233499835,1.184830867,1.854742118,1
1.193955261,1.207031601,0.590678559,1
-0.027909972,0.977649327,2.274636667,0
-0.357298855,-0.081991744,0.175178375,2
-1.146814136,1.156263423,0.77109531,1
-0.517420484,0.486796337,0.84688524,1
-0.362123773,0.958848663,1.545655758,0
2.350554326,0.177792371,0.081875414,1
2.446531376,0.292250881,0.298345561,1
-0.166703279,-2.113340685,0.21997345,2
-1.043667439,-0.538047911,0.059039774,2
-1.972934934,1.014025585,0.54490237,2
0.514671633,0.101269641,0.513359965,1
-1.090573584,-1.218707372,1.684870374,0
2.284659326,-0.958376793,0.021552381,1
-0.885617573,-0.555797485,0.177158621,2
0.11110643,2.121875912,0.108234835,1
3.810276681,-0.179589988,0.022275347,1
-1.108909998,-0.644735408,0.531543309,1
0.307566624,-2.092583772,1.434545109,0
-1.106894472,-1.901870838,0.012112298,2
0.347653649,1.222250276,0.06558071,0
-0.873264535,-0.851220441,0.688981775,1
0.077303123,1.621202883,1.299592286,1
-0.296868642,-0.329102802,0.364035325,0
-1.18324224,-2.326409527,0.246257274,2
0.011292688,2.192998,0.940507724,1
0.991601036,-1.082479976,0.03291352,1
1.593967454,-0.506360967,1.388833303,1
-1.372711271,0.095918957,0.056985702,0
-0.249610933,-0.120165258,1.120868715,1
1.159424527,-1.51866763,0.138856993,1
-1.114222348,-1.510585063,0.212484415,1
-2.528500689,1.395604928,0.273483656,2
-0.935902559,-0.708421944,0.650162901,2
-0.967239458,0.827938353,1.49822009,1
0.047488592,1.707755837,0.214037613,1
-0.403736793,-0.779166557,0.667324369,2
0.231496128,-0.706899069,0.104112457,2
-0.422372408,-1.992902511,1.36368698,2
0.374118395,1.899876533,0.964280637,0
-0.366005775,-0.756206936,0.112033222,1
1.190101447,-0.37795578,0.22113719,2
-0.737327525,-1.363954801,0.737102508,0
0.290666645,0.741958159,0.50615612,2
-0.884849568,1.610975996,0.691191553,0
0.208006479,0.227387447,0.279906325,1
-0.047730172,-0.400515674,0.274256974,0
-1.684520646,-1.6695804,1.139476965,0
-0.144226557,1.490701097,0.177439844,2
1.180213666,0.691487433,0.591241,2
0.681399923,-0.040977477,0.261430093,2
0.143247631,1.204344853,0.774501137,1
-1.192316444,1.298514964,0.19448043,2
1.169228653,-0.462217021,0.446682449,1
0.079201709,-1.225773748,1.122705395,2
-0.451773753,0.963266754,0.032894313,1
1.642028213,0.693211228,0.417324246,2
-0.769592322,-0.501393166,0.180830619,2
0.303360961,3.153971417,0.376285878,0
1.281737421,-2.549106895,0.238142096,0
0.602222795,-0.008138085,0.316287229,1
-0.307022265,1.138780641,0.455852045,2
-0.418418103,1.482346468,0.31134562,2
0.35513553,0.975845009,0.576233986,1
0.513481115,0.148350293,0.535891435,0
0.0186074,0.788908757,0.207522323,1
1.318448972,0.55758122,0.01191526,0
-0.065832,-0.027394393,1.448696385,0
-0.700296078,-0.877074959,0.113410241,2
0.537326132,1.216243471,0.406575392,1
-2.201782322,-0.351249812,0.326016135,2
0.391973744,-0.294393117,2.56451169,0
0.496960952,0.253137809,1.301597095,0
-0.224874715,0.011497986,0.357858225,0
-1.117143165,-1.975783962,0.549833094,2
-0.394994603,-0.426326724,1.463380308,0
1.549830342,0.61230256,0.186194664,1
-0.74351448,1.230814109,0.793801416,0
-2.331712118,-1.270807808,0.10740336,2
0.812245442,-0.650555664,0.009801616,2
-0.501310657,-2.443166237,1.095583827,0
-0.510886566,0.996548595,0.339078572,2
-1.215364041,0.005113528,2.02463093,0
-0.022558628,0.791024764,0.620801578,1
0.7012393,-0.563191537,0.093147887,1
-0.587482026,0.213826203,0.202948285,2
-0.606727941,0.977082664,0.69610147,0
1.096640215,-0.234161103,1.09613883,1
-0.247509677,0.848660554,0.00905626,1
-0.159901713,0.653970891,0.427564377,0
-0.625778251,-1.590570026,1.460277578,2
0.900434636,0.309423133,0.968679391,1
-0.994193629,-2.48598219,0.556507769,2
0.849250386,-0.278439107,0.197920324,1
0.805702289,-0.552433759,0.34089523,2
-0.467600936,0.876042073,0.055795252,1
0.848420314,0.293483694,1.674377566,0
0.986769864,-0.597222047,0.275279454,1
0.575620289,-0.157203603,1.805993786,2
2.024842045,0.18418506,0.326791099,0
-1.962353191,-1.013032014,0.116980029,2
-1.164920931,-0.679843405,0.083234168,2
-1.376519214,-1.242693614,2.232329913,0
0.167679934,-1.535018736,0.779934803,0
1.584629079,-0.524540013,0.047112257,1
1.677888953,-0.018527385,3.065150168,0
0.488296698,-1.568147171,1.1614523,1
0.878673263,0.467851674,1.01438598,2
-0.144874874,-0.667828864,0.238800614,0
0.46897176,0.31108236,0.467162832,0
0.376235477,0.142551004,0.810784488,1
-0.761040275,-0.374034721,1.586307433,0
-0.293294934,-1.944926376,0.552033295,1
-0.134841264,-1.597681314,0.551067798,2
1.393845816,-2.540657861,1.743115213,0
-1.03698869,1.36204725,0.30379343,2
-2.114335148,-0.360666003,0.314736836,2
0.768278218,1.936397311,0.423232538,1
-0.816160621,-1.455883798,2.100230256,0
-0.436106923,1.481905708,0.119071898,1
0.904705031,1.076119636,0.090177632,2
-0.763086265,-0.757488401,0.195051302,2
-0.34106698,0.714085544,0.635323997,2
1.502424534,0.581384629,0.503309897,1
0.528307712,-0.146723902,2.084898547,1
0.542191355,1.506981777,0.546829082,1
-0.136673356,-0.279532643,0.072212453,1
-1.136733853,2.027738733,0.258801071,1
-1.496627154,-1.195740196,0.087590037,2
-0.223385644,1.312317892,0.275067052,2
2.001719228,-0.524007513,0.117454048,1
0.221703816,0.354249509,0.615875957,1
0.164372909,-0.071674488,1.21761961,1
0.332623609,-0.133144306,0.33564323,2
-0.385207999,-0.088077384,0.412086721,1
-1.398754027,0.917788931,0.012286739,2
2.675740796,0.031439264,0.035297525,0
-0.423686089,1.358930582,0.121439771,0
-0.298601512,0.113494845,0.514386893,0
-1.792341727,0.174306546,0.095807953,2
-0.248008225,-0.053480405,0.89157311,1
-0.247303918,-0.424758034,1.051595329,0
-0.255510379,0.207911552,0.458392204,0
-1.7869381,0.992922918,0.028017822,2
1.784662816,0.813857888,0.755706502,0
1.763586348,0.996005584,0.235494777,1
0.689600222,1.732744271,0.110989132,1
-1.100740644,0.357042034,0.170743788,2
0.714509357,0.155726335,0.229760589,0
-0.246470317,1.552788656,0.324432414,1
-0.319786166,-0.064069618,0.312773009,2
1.362644293,-1.008218758,1.065876196,1
-1.22788259,-0.892895524,0.958007264,2
-0.511219233,-0.654514621,0.480997865,2
-0.731194999,-1.433782829,2.276365396,0
0.019752007,1.418184353,1.141617644,1
-1.572863915,-0.593885665,1.492095687,2
-0.70333327,1.118971798,0.685158275,2
0.715932089,2.384081563,0.45958361,0
0.465214906,-0.403286494,0.070469796,2
-0.973902306,0.370108558,1.111309335,0
0.55921773,-0.575293014,0.819168142,1
-2.432639745,2.919228807,0.34588892,0
-0.340484927,-1.07891479,1.837336995,0
0.713033195,1.178491329,1.454495921,1
-0.659037386,0.869602773,0.416700669,2
-0.036402623,0.93116631,1.464064378,0
-1.593286302,1.024681228,0.112798073,2
0.847792797,0.612975056,0.844221222,1
-1.850388849,0.608190081,2.576146323,0
-0.323650632,-0.89289171,1.423774033,0
-0.255248113,0.452035606,0.357934844,2
0.060921227,-0.374712307,0.686762925,2
-0.823491629,2.840185145,0.21978051,1
1.829730485,0.732393453,0.874093119,0
-1.429916216,0.840518928,0.136009257,2
0.254137143,-2.219652117,0.014346833,0
-2.939773695,-1.327463782,0.332319124,2
0.002415809,-0.976660698,0.937248193,1
0.509665571,-0.587075872,0.71452143,2
-1.084720001,-0.568012815,0.556513497,2
0.704832977,0.643640957,0.079674215,0
0.33097635,-0.237307108,1.143469924,0
0.976327473,-0.298578026,0.462971086,0
-0.84333988,1.189562559,1.283211031,1
-0.970579905,-2.108941204,0.063821986,2
-1.771531349,-0.073282004,0.520229829,2
-0.322470342,0.863402869,1.081755666,1
-1.338800742,1.074707461,0.889633613,1
0.688156028,-0.20585263,0.626038275,2
0.071280652,-0.433613832,0.146024722,0
2.189752359,-0.182223784,1.329070278,0
-1.157707599,-0.431078673,0.734745383,2
1.181688064,-0.42460961,0.933760236,1
-0.527368362,-1.353819676,2.05801606,0
-1.456628011,-0.196594949,0.558022282,2
0.57296737,0.234116137,0.007068064,2
-1.433377705,-0.557206294,0.095748412,2
-1.055185019,-1.113325275,0.117242196,2
-0.733111877,-1.630635426,1.256531273,2
0.210907264,-0.387823881,0.237289311,2
-0.998920727,1.722632017,1.608395381,1
1.077850323,-0.5585003,0.621960115,1
-1.198974383,-0.636660846,0.430804126,1
0.216637035,2.781387134,0.026079331,1
0.14308703,-1.957255876,0.131730829,2
-1.065750091,0.142527896,0.716837941,1
-0.428623411,0.664498799,0.139102412,0
-0.656179477,-0.478627492,0.366299978,1
0.959394327,1.183689583,0.516493181,1
1.556052636,0.805437291,1.71235862,1
-1.040796434,0.053317758,0.414893539,2
0.930572409,-1.167346415,0.018383991,1
-0.075445931,0.323350156,0.536189577,2
-1.967195349,-0.320783022,1.473327448,2
-0.755903643,-0.885950264,1.018557359,1
0.461149161,0.151278172,0.122881855,2
0.145106631,0.579363472,0.342767614,1
-2.442311321,-0.079166826,0.122528064,2
0.580318685,0.848767635,0.166934879,2
0.655051998,-2.511033487,0.452395762,2
-0.304508837,0.738477114,0.870756768,1
-0.707568233,-0.570994285,0.201885444,1
1.971572014,0.286539016,0.091988863,1
-0.089998681,1.147619856,1.261539073,1
-0.014017252,0.139558702,0.522236327,2
-1.123456937,0.088926609,0.86692117,2
-1.344130123,-2.630159317,0.399146852,0
-1.523155771,-1.217220832,0.269457393,2
-0.42196821,0.749152579,0.381555355,1
1.360924464,-1.415932924,3.096357636,0
1.753794845,-0.112382662,0.133469337,1
1.568364734,0.304032006,0.158291626,1
1.29675557,-0.354012805,0.019735246,0
-0.237596251,-0.85124249,1.036764377,0
-1.224150136,-1.461173075,0.223334109,2
-0.32781268,0.264251846,0.60673375,1
-2.412450276,-1.907357944,1.651161069,0
-0.313792873,-0.925231266,0.247395839,2
1.659878705,-0.111571293,0.213119806,1
0.130953101,-0.965234425,1.286632105,0
1.095888683,-0.162898924,0.163506313,1
0.489340957,0.860184055,0.503136628,1
-0.778910295,0.018098775,0.25635639,0
1.743559353,0.137262456,0.285428334,1
-0.078387285,1.598886071,0.498918457,1
-0.975553793,-0.111300849,0.337911502,1
0.070659825,0.285455874,0.272920024,2
-1.518599529,-1.983909896,0.66554119,2
0.863779033,0.030740218,0.253820725,1
0.501568385,-0.760004886,0.080098439,0
-0.35478133,-1.224013218,0.880070308,2
-0.488428888,1.002366653,0.087044148,2
0.936293947,-0.021541423,1.487870566,0
-1.062408386,0.945321339,0.144606961,2
-0.983820872,-0.908491216,1.69122316,0
0.424247877,-2.402202227,0.108415042,0
-0.451313481,0.162938048,0.528184177,2
0.925084797,0.943208931,0.437921779,2
-0.19862081,2.54460486,0.102286369,1
1.194851017,0.887190933,0.43152754,1
0.495544705,1.060436766,2.655173037,0
-2.245152574,-0.615747889,0.190202092,2
-1.33537136,0.352854881,0.041417979,0
1.282775206,-0.475328128,1.287621581,1
0.690795904,0.42205637,0.035440221,1
-0.967062668,-1.183559154,0.364790979,2
-1.345793685,-0.383749583,0.174450433,2
1.033665389,-1.459665806,1.306807954,0
-0.81177646,0.045773224,0.121892736,2
1.801725479,0.452456114,0.234377043,0
1.77154196,0.05756587,0.209283223,1
-1.45469137,-0.638693853,0.760413802,2
-0.845654313,-0.238681318,0.109674106,2
-1.250479659,-1.642902622,0.105590029,0
0.667288068,-0.222574571,1.646269926,0
-1.290769688,-1.775568451,0.867845314,2
-2.035003538,-0.015465903,0.082280616,2
2.021346994,1.751046874,0.015558162,1
1.005973488,0.704206506,0.223769971,1
0.817123601,1.481019324,0.938725207,1
-0.663988284,1.352887912,1.789026685,0
-0.011281231,-0.329957836,0.045554026,1
0.619677256,0.363498741,0.279903915,2
-1.281238742,-1.827662733,2.915453581,0
-0.124261326,0.893777744,0.07404475,2
0.175741655,-0.719124934,1.743723157,0
1.692773794,0.94050952,0.044193513,1
0.642132717,-1.871157591,2.323839863,2
1.282233032,1.147002717,0.31170744,1
0.140546974,-0.502991095,0.749105765,0
-1.112502683,1.425898368,0.772573728,2
-0.339676972,-0.019339956,0.393834813,2
-1.664764639,-0.638073726,0.112593896,2
0.928851762,0.498271,0.603587513,1
1.416826835,-0.058246735,0.03817381,1
-0.062720778,-0.626216778,0.305745999,2
-0.980902336,-0.894620761,0.457532009,2
1.087150251,2.410060215,0.044833089,1
0.139327027,-0.949647251,1.998749957,2
-0.386272098,0.559151501,0.141482962,1
1.123585423,-0.21141469,0.734170589,0
-0.759845657,-1.017854802,1.506637286,0
1.148959103,-1.390190989,1.421025764,0
-0.842476259,-1.488629309,0.236184261,0
0.39141334,-1.406044634,1.757320501,1
0.891377242,-1.496235482,0.060841774,2
-1.335258713,0.686145924,0.353968513,2
0.398123478,-0.236761631,2.739095454,0
-0.111586803,1.999142429,0.12793691,1
0.675743917,0.633238683,0.36781552,2
-0.788597935,1.648197547,0.180665633,2
-0.086986334,0.502718643,2.295387827,0
1.382284008,0.845467412,0.204306618,1
0.168490164,0.467247396,0.205077061,2
0.823190948,-0.402055064,1.030642618,0
-0.220894598,0.923526703,0.607758508,0
-1.029391655,-0.008055641,0.031988527,2
-0.010925691,1.033784238,1.593140823,1
-1.224991155,-0.799126982,0.851114725,0
-2.596111388,1.004233021,0.051665666,0
1.169122592,-0.311973356,0.137942017,2
-1.086908817,-0.886149585,2.007585625,0
-1.826083013,-1.922254896,1.481732198,0
0.995281807,1.619700744,0.00880983,0
-0.011861781,0.519269905,0.088907428,1
-0.599628395,-0.055849932,0.462311183,0
-0.177947987,0.69641761,0.021077223,1
-0.425981342,0.053515679,2.669751425,2
0.996658776,-1.310283497,0.005730776,0
0.727660709,-2.123066058,2.812954994,0
-1.726630596,-0.208078589,0.064871887,2
0.353398496,-0.31278658,0.217247993,1
0.726813666,-1.05823571,0.400081859,2
0.668260976,0.417223596,0.617185488,1
-2.424317309,-0.315451534,0.054197386,2
-0.235357425,0.825549134,0.906369504,2
1.979633321,1.291272038,0.18401009,1
0.796794539,-0.625104978,0.169412232,2
-1.709276181,-0.875146755,1.250554775,0
-1.663668712,0.143356943,0.38954443,0
0.491109552,1.425189633,0.818956764,2
-0.174055486,-1.734749426,1.019222216,0
0.961290564,-0.837404647,0.495009022,0
0.293826662,-0.715752615,0.20221211,2
0.080999364,0.374820958,0.472936088,1
0.183661843,2.383327962,0.002618352,1
0.166255035,-0.463912962,0.846093461,0
-1.269599066,-0.426500402,0.464162616,2
2.349493321,-1.703095214,1.246411704,0
-1.412005407,-1.041497356,0.131651995,0
-0.016961493,0.768734962,1.436235417,2
-0.544319353,-0.745320377,0.959005834,2
1.800112333,-0.486471496,0.277493899,0
1.011440176,-0.353039445,0.396151619,1
-0.563716556,-0.062300524,0.003308926,1
0.205420795,1.61961511,0.448853635,2
1.16546195,1.246211406,0.449490838,1
2.23632284,2.008589956,0.575071423,1
0.302265076,-1.854419513,0.346651437,1
-1.042506602,-0.462714382,1.718167525,0
-0.983542313,1.043103833,0.879093923,2
2.00571858,-0.303837521,0.212427948,1
-2.070571484,0.3180807,0.746390107,2
3.055742369,-0.648749008,0.070267861,1
-0.261350594,-1.868904344,3.113855318,0
-0.454393259,-1.206996579,3.060639164,0
0.157560555,1.897258058,0.438976763,2
0.933388728,-0.261585559,0.408228189,0
0.302828276,1.787981716,0.020908292,0
-1.956150222,0.867300516,0.195454661,2
0.353536709,0.702580938,1.120814597,1
0.450424514,1.62353224,0.679446382,1
0.659550871,-1.590158709,0.821625953,0
-1.031420728,-0.609991215,1.302657716,2
-2.371022881,-0.313281134,0.213221423,1
-0.324576308,-0.922129768,0.776503836,0
-0.944298751,-0.256480608,0.60470372,2
-0.765889998,-2.082854637,1.314293387,0
-0.953779267,-1.417153979,2.750851206,0
-0.39800445,0.61078101,0.877774229,1
-0.311217063,0.241520798,1.211460401,2
0.796092713,1.303964823,0.964714567,1
0.986428344,-0.334528578,0.345894942,2
-0.794531662,-0.384539895,0.539651731,0
-0.308817972,-0.421168212,1.052238184,1
0.361444766,-0.958355233,2.049450788,0
1.398791105,0.249116308,0.688036363,1
-0.05607042,-1.17887937,0.250448925,1
-1.698873492,0.495593283,0.030465276,2
0.231852545,-0.177704306,0.787996368,0
-0.119090671,0.774733936,0.973438197,1
1.772492853,1.247946376,0.410331964,1
0.343422165,-0.416216757,0.393689712,1
-0.623049782,-0.429717936,0.892176396,2
-0.439522294,-0.046525225,0.596290493,1
-0.50529679,-0.658591541,1.706687909,0
0.186035137,1.602584077,0.049815736,1
0.176417798,-0.063672049,0.424269461,2
0.915848207,0.868827634,0.585579865,1
0.320176726,0.378375481,0.421770367,0
-0.366687297,1.415688169,0.240789322,1
-0.940611295,-0.209026757,0.37559722,1
0.634702931,-2.678044592,0.725498934,0
-0.062488482,0.609180471,1.111805016,1
0.182837868,-1.033640177,0.404571077,2
1.103641018,0.497391496,2.152072441,0
1.752035619,-0.973892337,0.085585178,0
-0.95381646,-0.094471908,0.842022444,2
1.644080457,-0.553976694,0.90291025,0
-0.866733529,-0.245759576,0.094193596,0
0.266352192,-0.654785609,0.192638405,2
0.222370495,-0.983805243,0.104863608,1
-0.27690851,0.196407461,0.463660257,0
1.394253041,-1.216526312,0.520868039,1
-0.658912,-0.285042864,0.536896161,2
0.660531281,-0.300346065,0.43364435,1
-0.0132557,-0.638620501,1.716409065,0
-0.931480299,1.742847896,0.430622294,2
1.214689143,-1.869400596,1.830536476,0
-2.088340366,0.031184492,0.153397005,2
-0.526152469,-1.20911413,0.40720372,1
-1.541402567,-1.341050948,0.108134992,0
0.19432107,-0.045707226,0.809739287,1
0.264422549,2.187991116,0.107535714,1
-1.118735169,1.422095796,0.011745715,2
0.650952956,0.183247021,1.12342777,1
-1.032900239,-0.652932838,0.038435084,2
0.659201499,2.042559316,0.661751221,1
0.2378294,-0.234491195,0.691423181,0
0.715275947,-0.891424767,2.349599915,0
-0.938483039,-1.357470306,0.508161171,2
0.09535401,-0.584027988,0.705072732,2
-0.46281942,1.668095117,0.45075629,2
-1.468882156,1.085743356,0.270347995,1
0.152686506,0.557528329,0.285785356,1
1.773762611,-1.636832819,2.90273965,0
-0.648070934,-0.27153803,0.264040931,2
-0.199817476,1.091798554,0.278924448,1
0.689243733,-0.31375326,0.155798089,2
0.03614551,-0.682023897,0.106305337,0
1.943536312,0.052080686,1.37248788,0
0.737213734,-0.709296468,1.554896372,2
2.321333933,-0.354708314,0.16644923,1
0.348909346,2.395033342,0.359884049,1
-1.133916661,0.551009937,0.238975485,2
0.421335268,1.248785895,0.830650057,1
-0.924556257,0.049470152,0.878002664,2
-1.007062366,-0.455548815,0.32509036,2
-0.18947433,0.657889402,1.051920538,0
0.9339167,-1.485467412,2.356082358,2
0.34391,1.469184549,0.12842094,1
0.814020276,-0.221761166,1.804205098,2
0.915341002,-3.022303214,2.803862272,0
-0.17185213,-0.86909554,0.091305342,0
-2.402231114,-0.413891555,0.370012747,0
0.795906852,1.989218265,0.435642038,1
2.169115869,-0.078989768,0.137760874,0
0.058383499,-1.483828947,1.084339987,2
-1.35491445,-0.286871051,0.40827975,0
-0.367550766,-0.901023769,0.662346953,0
-0.934517579,-1.574017112,0.066401103,2
-0.04163922,-0.668314932,2.000343224,0
0.676112006,-1.856164514,2.58910375,1
0.866436147,2.683922918,0.427757063,1
0.235175025,0.278246736,0.366934753,1
-0.933970133,0.625069617,0.167432953,1
0.813252167,-1.151432502,0.422431439,2
1.348318555,1.295667307,0.350053989,1
2.251882776,0.522128473,2.160026645,1
-0.493652434,-0.9386265,0.198050086,1
0.474092599,-0.107737862,0.001944043,1
1.193691666,-0.399631508,2.276866716,0
-0.116395472,1.286701363,0.8369663,2
0.524858556,-0.1636491,0.012352894,0
0.214421481,1.085229837,0.339134597,2
-0.134449535,0.729831945,0.644751573,0
0.168509103,-0.299175594,0.486396095,0
0.96473277,-0.049918614,2.212523603,0
0.408778914,-0.862410306,0.55084566,2
-0.466438215,-0.497998099,0.336524452,2
-2.239782976,-1.395918217,0.508109125,2
-0.795063185,-0.424377209,0.004638711,2
-0.019955117,-0.36488733,1.054010242,1
-2.514425122,-0.218080698,0.021957609,2
2.210952032,2.499351788,0.35709797,1
-1.48876223,0.14517389,0.269865288,0
-1.160751876,-1.477803443,0.813296253,1
1.457738225,0.929243487,0.10313974,1
-2.189875949,-0.288020655,0.036611453,2
0.739062681,1.409372456,0.12629107,1
-0.344008769,0.053768001,0.087709073,2
0.455876742,1.606767778,0.56863578,0
0.878110263,-0.017227124,1.324389731,0
-0.958463923,-0.542639051,0.411978361,2
-0.705844846,1.97869266,0.156229365,2
-2.996949303,-1.366112645,1.36361005,0
-0.961052324,0.424896361,0.118410278,2
0.380188254,-0.976309021,0.141242253,1
0.50506759,1.192971684,0.134907366,1
2.027056004,0.44095963,0.488952234,1
0.064627029,-0.429097559,0.748220736,0
0.463658648,-0.377664266,1.22850619,0
0.074778333,0.888700058,1.340008393,2
-0.486836236,-1.065006111,0.70157907,0
0.748910821,-0.777271197,0.60048484,0
0.464234581,0.407862634,0.410939028,1
0.129420458,0.750271673,1.073651158,2
-0.815460652,-1.715003173,2.299670295,0
-0.040150452,0.192254687,1.256138022,1
0.781416978,-1.161733238,1.367298321,0
0.676452747,-0.641828664,3.073375641,0
-0.482652526,1.312439187,1.155241242,1
-0.669113468,1.001540094,0.433943746,2
0.512801322,-0.19352784,0.456988582,0
1.048909929,-0.93317682,2.174543936,0
0.121058163,0.310329445,0.438463006,1
-0.313292885,1.583321714,0.433917569,1
-0.88067073,0.906149175,0.952435904,2
-0.419286891,0.401142831,0.437991552,2
-1.482751678,0.075697442,0.530513837,2
-0.697318199,1.059489168,0.330292346,1
1.134965089,0.916938037,0.305635225,1
1.111931845,0.809273077,0.221745087,0
-0.870777634,-0.711622279,0.019962981,0
0.210731585,-2.689585179,1.347108011,1
0.069395647,-0.567047025,1.519649491,0
-1.662648853,1.299198833,0.980181196,0
0.81083998,-0.190291545,0.205029231,0
-1.912345796,-0.638048334,0.047129842,2
-1.246753429,-2.035383882,0.272415317,0
0.998154445,-0.604372355,0.031236157,2
-0.540872745,-0.808161889,1.317993334,2
-0.216375791,-0.606779178,0.400820359,1
-1.621937293,0.086908821,0.712010617,2
-1.450963965,-0.234297029,0.228269644,1
0.350909731,1.262526896,0.22584492,0
-0.174546929,-1.563798092,1.095873628,1
-0.59142847,-1.493471523,0.386987695,0
-1.334027261,-1.097134822,0.01235498,2
-1.097298501,-0.029106748,0.164372552,2
2.036103609,2.17368492,0.448228883,1
-0.326489593,1.369787049,0.01417513,1
0.774005212,-0.378380661,0.75764203,1
0.785006401,-0.778744876,0.093849465,0
0.76324608,1.264085329,0.18891704,1
0.29480876,0.308013117,0.247882265,2
-1.252355924,-0.41850169,0.11212918,1
-1.009503753,-0.03764293,0.68033788,1
0.751391195,1.187298566,0.45814481,0
-1.308353513,-0.105657694,0.445152075,2
0.527540097,0.202441652,0.309354644,1
-0.533539574,0.780408474,1.166381782,0
-0.398376014,-0.54214238,0.471997618,2
-0.78956945,-2.026532146,1.183594894,0
-0.230141136,-0.021671994,1.212476606,0
0.877184842,1.222282606,0.064151156,1
0.453733178,-0.173681632,0.924125666,2
-0.232464148,0.664013192,0.75430811,1
0.870005525,-0.547838198,0.726938123,0
1.656003734,-0.917442005,1.113953969,1
-0.006368929,0.437105753,0.311108177,1
0.470489453,-0.384968562,1.083926584,2
0.278218649,0.842375304,0.160031072,1
-0.977902941,0.953016305,1.224645179,0
-0.926586142,-0.410631816,0.972998851,2
1.919770463,0.100808277,0.04371791,1
0.881277788,0.920755693,0.854775269,0
0.742081772,1.459595215,1.23297441,1
0.147573404,-0.396842534,3.028758957,0
0.485388565,-0.483083829,0.369130832,0
0.15185604,-0.316219132,0.060354222,1
0.041998754,1.210003948,0.182959083,1
0.223422312,-0.752980648,0.343293762,0
-1.010465086,-0.649267244,1.922369505,0
2.401222102,-0.254244453,0.600707023,1
0.80196179,-1.296369558,0.06300651,1
-0.251207959,-0.424657091,1.750779293,2
1.212889371,-0.399155729,0.057198444,0
-0.627258086,0.059874909,0.093906014,0
1.711158507,0.680677864,0.046977381,1
-0.394373553,1.569421761,1.833877265,0
-2.321490856,0.811309022,0.015432136,2
1.364119195,-1.271267925,0.232527025,0
1.132229133,1.504675884,0.788580927,1
-0.774316319,0.806987101,0.417265692,1
-1.410374966,0.064576981,0.561760209,2
-1.834527581,1.344053711,1.096991166,0
-0.269013538,0.541897772,1.549682394,2
-1.833928577,-0.154065041,0.430164549,0
-0.814468019,-0.582331652,0.593257497,1
0.163572122,0.886588633,1.185713647,2
0.855519222,-2.211156968,0.08689959,2
-0.819963127,-0.154888281,0.023081634,2
-0.12360276,-1.127113449,2.170116131,0
0.254948236,-2.020117036,1.63826268,2
1.718926338,0.222627003,1.539534324,0
-0.958543528,-0.127903122,0.025321449,0
-1.604310262,-2.024045139,0.051583585,2
-1.845609422,-0.279678879,0.293103512,0
0.555737185,0.42063066,0.509180578,1
-0.060119191,0.642884937,0.122664087,2
0.772086304,0.294381383,2.329961527,2
-0.140839387,0.719141732,0.190296926,2
0.393093926,0.192504699,0.09280598,0
0.224218574,0.367439636,2.170420555,0
0.023541985,-0.113398922,0.235604405,0
-0.62296266,-1.036593616,0.244791677,0
1.262009381,0.252591163,1.515920322,2
-0.405774043,0.922545423,0.084792622,1
0.666763771,2.274935946,0.274044327,0
0.164639155,-0.441438668,0.047474593,0
1.781524475,0.011752033,0.092660523,1
0.711213964,-2.126993079,0.078170417,1
-0.337691156,-0.792114566,0.364240098,1
-0.009148952,1.288818083,0.104944571,2
-0.125309208,-0.254336528,0.273593592,0
-2.090846097,0.568885736,0.016485569,2
1.697393895,0.66745033,0.293687626,1
1.063881154,-0.949624292,0.18912725,1
-0.766616636,0.015508672,0.283949045,0
0.382007559,0.232532404,0.03164134,1
0.241895904,-0.31168916,2.271592084,0
-1.132759411,0.205749058,0.338694875,1
1.489907414,-0.653986925,1.429904541,2
-0.248247105,-1.153257707,1.740374023,2
0.183583708,0.527490919,0.079072259,2
0.404871009,1.393919109,0.375148813,1
-0.994124469,0.181630556,0.215555982,0
-1.08542933,-0.069301523,0.110179086,2
-0.048542555,-0.294465387,1.326840267,0
0.576085601,1.414030335,0.321433777,0
0.073830532,1.09999773,0.210939465,0
0.705945571,1.404411242,0.299799169,1
0.334980103,0.623132278,0.17071157,1
0.545387806,0.273942897,0.037185107,1
-1.402905906,0.499645793,0.285034799,2
0.677053891,0.263341484,0.312161896,1
-0.789800446,-1.200118277,2.125837918,0
-0.465728889,2.151781942,0.031417205,2
-0.104852065,-1.145469601,1.981007119,2
-1.647851087,0.952305694,0.972450718,0
-0.099536952,-1.235924032,0.292834829,2
-0.439857637,-0.893846356,0.607984127,2
-0.718511452,-0.708910983,0.225518193,0
-0.554597596,-1.197657068,0.078755698,2
1.245489177,-0.070090342,0.210188043,1
-1.258921351,-0.84922943,1.568533231,0
-0.215384481,0.156863359,0.948899464,0
-2.47196171,2.017415109,0.168099976,2
-0.67416932,0.73759262,1.203014091,2
-0.501297185,-1.691589224,0.619323914,2
1.542325788,0.477716592,0.388518518,0
-0.962018065,0.074682513,0.162795142,2
-0.872179536,1.94243134,0.72104539,1
-1.397629618,0.505147383,0.811365309,0
0.179805167,-0.258461577,0.32487949,1
1.154091988,-1.262471544,2.290311416,0
-1.19853361,0.046789638,0.07081021,2
-0.425724401,1.189970765,0.055313911,2
1.366308609,-0.894031165,0.74722705,1
-0.684297395,-0.765291306,0.405035843,2
0.685512208,0.984525033,0.436051035,1
0.389503543,0.916771844,0.087212633,1
-1.305395924,-0.289544655,0.190249332,2
1.216888011,-0.487510708,0.163478195,1
0.795174018,-0.271832629,0.850988114,0
-0.488202509,1.10621754,0.268775851,1
-0.903993455,0.058623249,0.239484768,2
-0.390418418,0.258656214,1.38510402,2
0.814063415,1.631405583,0.005288039,1
-0.56424928,0.869368597,0.035094489,1
-1.874205319,1.217044417,0.362467355,1
-0.142904711,1.720397302,0.060988001,1
0.77190401,-0.312777426,0.341230264,0
-1.15911793,-0.102184703,0.099875849,2
-0.237915528,0.167204472,0.13483629,0
-1.222193326,0.456607433,0.152582329,2
0.116806213,-0.501574752,0.664031104,0
-0.132499628,0.226939974,1.141723984,0
-0.033684776,-0.708633122,0.815691559,2
-0.622326418,0.353487396,0.035216006,1
-0.709363462,-0.947197536,2.283672281,0
0.871445414,-0.232353004,1.192152767,1
0.105138019,1.39155568,0.562314058,0
-0.186935268,-0.34422328,1.114998247,0
-3.213188532,-0.697421985,0.066787576,2
-1.275618703,0.585413441,0.747809272,1
0.762906318,-2.99510299,0.035750633,0
-0.406815143,0.101985743,0.43512145,1
-1.208317784,0.206759201,0.032154107,0
-0.439322657,2.344426228,0.13399243,2
-0.375580746,-0.560879084,0.613019455,1
-0.501442395,-0.802221374,0.433443898,2
0.496612576,2.285432828,0.380371839,1
1.520880938,0.367243353,0.314722873,0
0.988091828,-0.005865957,0.378199422,2
1.246122534,0.512077211,2.029394018,1
-0.329867327,-0.447384225,0.032115568,0
0.844344714,-1.211032442,1.747936326,2
-0.981075755,0.770953821,0.373128886,2
-0.139221405,0.089008869,0.128795908,2
2.185437906,-0.098917594,0.31562313,1
-0.01282801,-1.31572476,0.187294867,0
-0.305308926,-0.795616593,0.937047676,2
-0.584213461,0.482380757,0.033295133,2
0.771268502,-0.951630212,2.06887387,0
2.106189362,0.499536595,1.41828465,1
0.412157037,1.242153471,1.162542722,0
-0.261264878,0.947279829,0.238806658,2
2.073783646,-1.328748802,0.324757175,0
-0.778830223,0.126956788,0.07017354,2
1.131532513,0.009915382,0.150923986,0
-0.421345128,0.904961918,1.285295393,0
-1.02174737,0.383216488,0.300982595,0
1.218305379,-1.308430042,0.97952437,0
-1.799760675,-0.338359382,0.812600718,2
-0.308249938,1.127188468,0.257491131,2
0.015515243,0.934729924,1.38654283,2
-0.442317719,1.830595909,0.004411342,1
-1.638007733,-0.98073266,0.040306329,2
-0.641401156,-0.67074502,0.145088254,1
